Parameter,Mean,CI_Lower,CI_Upper
Base Price Elasticity,-1.8261589340280826,-2.715690576284782,-1.162797184576512
Promotional Elasticity,-4.249910997392873,-4.844528110747582,-3.778748881874988
Cross-Price Elasticity,-0.09393283877659053,-0.22608481612963563,0.03959606338209997
