Parameter,Mean,CI_Lower,CI_Upper
Base Price Elasticity,-1.8214827187873124,-2.7212227722385984,-1.1536527683492
Promotional Elasticity,-4.249401787471093,-4.835903658089278,-3.7917759943495843
Cross-Price Elasticity,-0.09404202855500325,-0.2287586569002426,0.04035746718708487
