Parameter,Mean,CI_Lower,CI_Upper
Base Price Elasticity,-1.8309258548964875,-2.7287923629696245,-1.171006574853961
Promotional Elasticity,-4.2527775685840306,-4.854689391551252,-3.7763894457423857
Cross-Price Elasticity,-0.0946861325611806,-0.22908979422515552,0.041128175736904145
